cell_temperature_c,internal_resistance_mohm,charge_cycles_count,discharge_current_amps,thermal_runaway_risk
73.62,4.8,1049,85.88,1
64.97,1.51,999,138.43,0
32.24,2.59,2298,57.76,0
34.01,2.48,1974,18.72,0
29.55,3.42,1220,148.12,0
25.53,1.66,2351,26.91,0
83.88,4.64,1534,127.96,1
58.41,4.36,422,15.1,0
46.78,1.77,1419,13.83,0
44.85,1.76,1567,78.27,0
79.93,1.44,472,25.54,0
62.86,2.47,1333,49.54,1
70.46,1.78,484,107.29,0
84.19,1.57,2434,28.83,0
73.35,4.66,1913,136.65,1
81.7,2.81,2406,108.82,1
27.09,2.16,1527,16.95,0
33.76,3.74,1283,41.06,1
42.52,3.85,1421,74.04,0
28.67,4.61,1495,58.13,0
38.46,2.42,446,73.06,0
40.9,3.81,2024,97.6,0
67.42,1.94,538,12.09,0
79.45,3.09,1616,91.46,0
84.23,2.7,735,107.79,0
44.63,2.94,1997,139.14,1
81.91,2.33,734,91.93,0
74.81,2.38,1708,49.28,0
33.09,2.77,1342,63.7,0
66.18,4.52,300,113.87,0
46.96,2.51,394,125.16,0
70.44,3.99,2268,92.53,1
74.13,3.82,937,99.05,1
78.58,2.22,2210,105.22,0
44.42,4.37,1235,123.62,0
53.85,3.23,1228,63.17,0
57.79,4.55,1316,134.81,0
26.15,1.44,1245,132.97,0
72.94,3.39,1501,41.79,1
51.04,1.33,1643,27.4,0
51.56,4.15,1892,138.1,0
54.83,4.07,1619,73.96,0
70.67,4.58,1497,18.01,1
41.81,1.53,1978,67.05,0
78.3,1.96,1666,148.95,0
58.68,3.53,1966,56.03,0
49.96,3.47,927,27.97,0
81.52,3.16,1537,57.8,0
69.77,4.14,2377,91.79,1
76.52,3.61,1491,33.54,1
32.73,2.25,1162,35.52,0
47.69,3.14,1081,85.84,0
81.27,1.66,905,19.94,0
47.41,1.86,174,74.03,0
67.72,1.43,999,62.8,0
58.9,3.32,557,148.94,0
71.44,4.03,2280,67.27,1
55.55,1.29,1801,37.85,0
58.91,2.82,2369,94.07,0
63.34,2.02,154,140.14,0
29.42,4.19,964,79.05,1
42.0,2.16,1609,87.49,0
78.54,3.26,982,115.62,1
51.62,4.43,1986,130.61,1
72.06,2.94,1419,149.59,0
57.94,3.61,983,143.71,0
83.45,3.54,2283,84.11,1
61.98,2.86,1547,75.02,0
82.93,1.52,1695,54.4,0
54.62,1.86,142,102.82,0
47.8,1.76,2428,31.38,0
59.07,4.0,2312,137.82,1
30.48,1.41,912,65.09,0
59.87,2.21,722,39.06,0
63.54,3.59,2109,144.02,1
51.54,2.68,786,128.04,0
38.49,2.69,2384,91.89,0
59.51,1.2,2205,19.14,0
66.34,4.41,2367,95.87,1
34.58,2.69,2085,131.36,1
83.56,3.89,426,35.45,0
52.78,1.9,353,37.03,0
46.61,3.26,1503,111.82,0
26.21,4.06,751,14.17,0
33.36,3.15,1828,48.52,0
43.16,4.16,273,15.27,0
78.2,2.74,532,133.94,0
56.57,4.6,1745,44.93,0
29.5,1.48,1843,40.12,0
63.96,3.92,1576,47.2,1
48.58,4.48,113,128.21,0
59.96,2.52,2328,58.07,0
70.18,4.25,763,68.42,1
25.95,3.66,143,76.37,0
69.89,3.93,2201,83.81,1
38.89,3.24,1639,51.2,0
57.33,1.95,294,124.34,0
69.64,4.3,564,63.3,0
52.98,1.48,2106,85.19,0
34.55,2.67,2388,56.92,0
57.12,1.67,832,135.26,0
42.67,4.29,1164,53.34,0
32.43,3.74,704,116.19,0
48.25,2.58,1813,73.47,0
54.46,1.28,2327,39.57,0
81.02,4.67,301,149.98,1
44.67,4.42,2051,112.84,1
59.38,4.45,1123,78.61,0
72.97,1.53,204,53.18,0
68.72,4.78,745,115.55,1
60.18,3.6,2154,51.77,1
37.4,3.68,1360,145.85,0
37.03,2.9,191,24.77,0
79.01,2.22,468,81.37,0
65.19,4.57,1457,51.05,1
73.67,2.67,1758,146.25,0
76.28,4.09,1671,65.24,1
43.48,2.29,1319,116.3,0
52.5,3.95,1989,120.84,1
47.83,1.23,2408,74.55,0
80.7,4.64,1419,67.57,1
49.62,1.64,756,72.32,0
65.54,3.78,1799,89.29,1
32.41,2.66,1155,69.62,1
77.17,1.95,2057,69.29,0
30.97,1.39,444,126.44,0
45.16,2.91,227,90.98,1
62.02,3.27,1958,60.57,1
51.52,4.0,1353,101.61,0
31.02,1.67,1931,35.25,1
66.72,4.76,213,95.66,1
61.23,2.36,1217,66.89,0
62.53,3.97,376,115.5,1
30.35,4.41,2160,83.85,0
67.5,1.98,2219,27.18,0
49.23,4.37,2347,70.88,0
35.88,3.37,934,114.94,0
53.78,1.33,1042,126.91,0
77.36,2.14,2341,59.56,0
47.13,3.69,670,113.81,0
38.44,1.52,824,32.81,0
74.85,4.02,1412,94.54,1
84.08,2.13,1283,78.85,0
82.14,2.3,526,78.64,0
51.15,4.11,2312,73.25,0
37.6,1.92,946,84.25,0
64.32,1.28,2371,32.55,0
44.87,4.67,2052,130.14,1
60.19,1.48,1575,121.81,0
70.59,1.7,1204,26.86,0
33.09,1.44,2484,42.63,0
45.23,3.3,1174,15.35,0
64.44,4.58,1111,20.5,1
78.63,3.56,2124,135.92,1
48.06,2.6,2446,20.73,0
58.02,1.39,1573,87.71,0
69.32,2.53,251,140.53,0
58.66,2.96,2410,100.29,1
35.39,3.35,712,37.95,0
71.67,4.54,540,43.94,1
45.79,3.22,173,22.21,0
75.17,4.39,2224,57.25,1
72.01,1.5,122,63.68,0
29.29,4.15,1321,68.36,0
66.01,2.36,828,23.78,0
53.82,3.75,1220,53.28,0
26.66,2.23,936,64.32,0
52.54,4.35,1309,115.16,1
46.46,4.48,1309,71.03,0
38.52,3.79,2483,28.63,0
77.44,4.44,1896,59.75,1
55.37,2.39,267,100.32,0
62.7,3.96,468,107.05,1
34.35,1.66,1755,117.06,0
83.59,4.77,1919,53.69,1
83.45,4.24,1036,125.43,1
28.42,4.52,887,57.64,0
65.73,2.0,536,12.02,0
76.73,4.5,2326,38.3,0
45.4,4.46,1992,61.68,0
32.04,2.51,498,36.14,0
46.2,1.3,2179,111.6,0
70.58,2.14,159,142.64,1
56.56,3.65,2367,17.46,0
47.42,1.68,2226,26.54,0
49.24,4.54,2038,62.07,0
42.17,3.67,1677,24.24,0
75.47,1.73,261,33.7,0
39.24,2.32,1370,19.07,0
31.06,4.29,1683,38.26,0
81.84,3.8,1052,145.02,1
49.51,3.44,2468,101.84,1
75.13,1.76,1936,116.49,0
57.46,4.54,879,121.99,0
72.95,2.98,593,50.33,0
48.52,3.56,1401,120.89,0
45.0,1.24,2400,54.39,0
48.95,4.78,1502,123.78,0
40.23,3.65,1381,115.71,0
40.36,4.03,179,98.14,0
55.24,4.68,1272,64.51,0
37.66,4.56,492,125.59,1
77.01,2.25,2105,79.8,0
53.64,4.42,1512,28.06,0
39.06,3.24,302,68.91,0
32.75,1.91,1562,110.24,1
48.73,1.74,2180,21.3,1
60.47,2.27,397,40.63,0
48.43,3.92,1978,140.6,1
73.67,2.81,2445,55.88,0
66.87,2.25,2451,60.89,1
42.16,4.21,1926,131.32,0
41.06,2.95,2277,65.27,0
29.96,3.67,564,137.75,0
80.87,4.4,1714,101.12,1
38.17,2.12,1124,101.47,0
62.67,4.54,133,147.23,1
62.62,3.1,1493,17.64,0
69.83,2.61,283,94.63,0
76.21,2.59,578,10.35,0
74.33,4.75,237,44.18,1
64.2,3.48,2283,131.32,1
71.45,2.3,1571,142.0,0
29.36,3.65,1576,138.62,1
40.69,2.41,1661,130.81,0
56.3,1.87,141,71.49,0
68.88,2.07,1308,132.14,0
60.03,4.51,2155,49.2,0
26.68,1.8,1736,46.95,0
36.03,1.54,256,59.2,1
72.81,2.51,1219,104.98,0
49.78,4.23,914,48.07,0
48.97,3.0,1196,142.97,0
77.19,2.84,1866,112.46,0
47.4,2.52,2087,90.1,0
30.22,4.76,1869,22.75,0
60.23,2.02,1406,116.97,0
35.9,1.83,1150,27.94,0
37.37,2.2,1026,52.22,0
54.97,2.39,947,124.45,0
78.18,3.72,1882,16.07,1
61.61,3.4,808,76.0,0
35.6,2.6,1042,28.25,0
53.02,3.64,1466,115.24,0
61.99,1.96,1568,96.31,0
75.23,1.75,1954,64.42,0
77.18,4.01,2326,117.08,1
54.24,3.61,1040,132.0,0
69.38,3.57,1777,146.55,1
73.54,3.17,798,52.04,0
56.69,1.21,1149,61.71,1
68.33,4.31,1466,21.85,1
57.03,4.72,221,27.4,0
47.01,3.0,1217,72.96,0
80.01,1.75,575,95.91,0
30.55,2.53,273,138.8,0
84.07,1.84,1845,104.14,0
49.6,1.92,305,122.83,0
63.63,2.6,2474,44.32,0
70.25,3.39,2111,85.6,1
84.76,1.74,2447,65.81,0
51.87,3.03,683,50.43,0
77.68,4.05,1940,74.92,1
58.47,4.3,1763,106.75,0
47.14,3.9,986,136.83,0
62.35,2.23,1787,11.19,0
50.53,1.61,2238,147.71,1
32.51,4.33,1798,57.7,0
62.58,1.31,1986,109.19,1
49.47,3.55,954,78.93,0
66.7,3.51,2152,102.44,1
65.6,1.5,2454,15.26,0
79.5,3.9,1104,53.2,1
59.89,1.87,2214,141.63,1
58.47,1.41,1417,43.49,1
51.03,3.0,1219,123.31,0
56.03,3.07,1546,77.37,0
49.5,4.67,1090,90.69,0
43.9,2.86,1601,126.72,0
27.24,3.43,372,42.32,0
56.64,4.7,475,40.79,0
81.16,2.98,1784,109.35,0
47.03,4.16,1581,13.79,0
72.29,2.28,471,126.59,0
40.54,4.23,226,41.67,0
37.11,2.77,1564,131.47,0
26.67,4.07,473,32.31,0
40.3,1.73,1218,129.67,0
43.05,2.62,649,15.97,0
32.67,3.81,963,108.81,0
84.31,2.67,472,141.08,0
79.12,4.03,1465,135.56,1
65.26,2.09,1993,104.69,1
45.75,1.72,1201,24.56,0
66.34,3.46,1514,21.59,1
79.68,2.66,2189,54.5,0
69.76,1.65,876,102.57,0
49.87,2.69,1619,40.24,0
34.54,4.17,2451,25.12,0
53.77,1.89,660,87.77,0
84.46,2.05,992,25.48,0
71.56,3.28,955,105.87,1
65.33,3.22,257,139.97,1
41.79,3.71,1569,22.79,1
47.81,2.85,1502,60.39,0
67.87,1.49,909,147.93,0
68.18,1.47,1209,103.99,0
60.83,2.6,2334,115.08,1
74.38,3.64,1467,65.6,1
84.43,2.71,1810,11.36,0
79.89,3.5,663,27.46,1
82.03,1.69,1194,140.25,0
67.61,1.82,2484,74.5,0
83.48,2.33,2468,14.54,0
27.07,1.82,1779,32.99,0
26.25,4.66,2381,111.17,1
26.5,4.1,1513,146.3,0
39.99,4.37,763,66.48,0
73.44,3.74,798,111.5,1
63.09,1.84,371,97.57,0
64.02,1.29,521,113.53,0
36.99,3.46,531,127.14,0
80.13,4.71,1600,70.13,0
35.19,4.26,2475,97.88,0
58.26,2.63,1749,79.22,0
81.97,1.73,2383,70.84,0
62.35,2.92,837,141.19,0
44.69,2.59,1890,12.81,0
33.89,2.55,1524,39.9,0
66.48,4.26,2468,86.38,0
59.13,4.67,1189,21.4,0
80.11,3.15,422,92.69,0
47.52,3.22,821,36.23,0
49.34,4.63,573,93.74,0
63.44,1.64,1614,75.41,0
60.23,2.35,2378,11.05,0
66.53,1.82,1118,11.77,0
26.48,2.03,1909,130.99,1
42.24,3.51,124,104.44,0
38.15,2.65,2052,117.81,1
80.01,2.55,679,55.53,0
45.76,4.61,2284,65.24,0
75.95,2.63,2251,43.77,0
78.3,4.07,223,59.28,1
58.87,3.87,552,42.52,1
56.09,4.6,865,126.45,0
75.11,3.8,931,143.58,1
66.78,2.73,1605,93.32,0
52.39,4.65,1312,62.63,0
53.42,3.45,1695,56.52,1
66.14,4.65,332,29.45,1
84.27,3.39,211,80.31,1
49.65,1.49,1327,133.92,0
53.16,3.63,963,42.45,0
68.6,3.8,1145,62.01,1
62.05,2.57,2283,123.4,1
32.65,2.1,1302,108.24,0
60.82,4.6,1362,85.39,1
69.1,1.91,794,47.46,0
42.65,1.45,1074,31.09,0
64.21,4.34,623,17.92,1
65.42,3.85,2459,112.09,1
48.98,4.34,1994,111.51,1
39.95,3.37,652,145.18,0
69.23,2.31,469,19.15,0
48.11,3.36,1016,104.65,0
40.37,4.66,829,76.09,0
62.98,3.09,2441,124.75,1
49.65,4.12,559,33.76,0
67.63,1.99,446,24.17,0
62.91,3.43,1520,89.56,1
28.9,1.83,1255,18.25,0
37.93,1.26,1836,35.26,0
47.69,2.8,2466,141.02,1
26.84,2.5,2244,27.81,0
66.23,3.36,2494,88.17,1
61.17,1.81,1665,30.72,0
68.45,3.94,1341,92.38,1
66.9,3.87,121,147.52,1
51.02,1.58,214,50.89,0
31.09,3.75,1248,31.14,0
62.96,2.97,728,21.59,0
48.55,3.8,1659,42.33,0
40.44,4.37,2367,66.25,0
69.2,1.58,470,127.36,0
35.71,3.86,897,135.13,0
84.27,3.16,2017,54.56,0
83.15,3.26,2161,31.05,0
39.91,3.47,1564,86.84,1
44.51,1.52,1759,52.95,0
37.5,1.42,2422,111.6,1
65.73,4.32,1144,92.7,0
79.74,2.01,1633,146.03,0
75.29,2.61,170,146.97,0
68.66,2.75,1226,112.29,0
39.22,3.22,1460,131.45,0
48.64,3.48,2409,38.16,0
33.07,4.29,454,145.15,0
64.21,3.05,801,25.83,0
60.18,2.43,141,18.15,0
71.81,2.27,2209,88.59,0
38.14,1.68,2426,46.6,0
40.84,3.11,1599,148.62,0
30.3,1.48,1040,20.75,0
61.07,4.54,381,138.49,0
46.61,3.46,851,19.67,0
26.85,4.07,673,42.2,0
32.38,3.59,2025,48.16,0
33.11,4.52,1505,111.63,0
81.37,2.01,389,61.67,0
32.08,2.72,1590,144.11,0
57.04,4.38,1758,85.23,0
60.59,2.14,2106,137.35,1
54.3,4.24,534,106.45,0
39.91,4.06,464,129.66,0
73.76,3.54,1366,121.64,1
79.31,3.79,1987,112.74,1
33.89,1.92,693,99.1,1
43.17,4.39,1557,138.57,0
70.32,1.94,1600,108.2,0
70.14,2.64,1974,139.96,1
68.76,4.19,2106,13.01,1
28.66,3.55,1833,143.79,0
67.91,2.94,791,70.45,0
84.93,3.16,411,43.58,0
65.21,2.85,1985,89.75,0
51.23,4.77,557,17.92,0
60.44,3.91,644,80.1,0
49.07,4.77,709,15.57,0
60.63,2.66,2479,50.33,0
73.76,2.82,2245,12.79,0
27.4,3.29,969,44.44,0
25.86,2.96,2083,76.8,0
61.03,3.75,2356,41.63,0
45.55,3.67,1847,103.37,0
64.02,1.64,159,77.82,0
25.7,3.27,1340,53.03,0
36.59,1.82,2015,23.72,0
41.42,3.35,2104,108.06,1
52.58,4.2,1149,13.28,0
54.14,3.08,176,18.78,0
27.66,3.69,1770,57.28,0
79.03,3.93,2447,34.31,1
73.63,2.32,344,77.34,0
78.74,3.05,700,99.47,0
30.98,1.31,1518,123.55,0
71.76,4.32,1595,43.11,1
57.12,3.44,1308,116.99,0
52.19,3.56,359,25.46,0
35.02,2.39,936,92.6,0
25.8,3.76,1970,136.2,1
32.0,2.58,1970,38.45,0
49.51,3.46,1170,64.99,0
61.32,2.83,929,71.49,0
45.73,2.53,2477,13.61,0
39.35,1.71,2334,36.84,0
30.66,3.82,287,137.83,0
80.33,3.65,134,72.96,1
40.28,4.13,1524,125.4,0
77.57,2.94,927,76.59,0
80.15,1.45,1089,74.58,0
77.45,1.68,770,109.19,0
60.36,4.78,1622,138.1,0
76.28,1.31,144,34.59,0
54.93,4.43,2101,93.85,0
34.86,3.27,2201,41.26,0
41.95,4.75,1051,139.67,0
43.59,3.06,2317,128.31,1
28.53,2.25,1247,41.78,0
72.47,3.03,2428,56.92,0
68.57,1.39,453,149.34,0
70.64,2.91,1136,101.13,0
73.2,2.55,1394,126.01,0
78.24,3.7,142,87.48,1
26.14,3.67,948,27.25,0
27.35,2.02,1449,58.99,0
63.73,2.05,1588,124.29,0
75.81,1.7,1909,33.02,0
50.7,3.28,1736,95.88,1
65.29,1.61,1037,125.08,0
72.52,1.29,521,29.6,0
76.83,3.27,1249,131.17,1
65.82,1.63,1634,106.33,0
35.07,3.33,545,29.31,0
50.45,2.75,2338,36.5,0
26.05,2.79,1897,140.31,0
43.23,1.38,846,90.05,0
81.37,2.59,774,90.25,0
38.65,4.26,755,131.23,0
55.3,2.35,306,49.63,0
35.82,4.1,1498,21.23,0
65.19,2.49,2164,63.8,0
31.66,4.69,737,106.51,0
52.44,3.13,1494,61.8,0
61.57,4.69,311,62.96,0
44.32,1.99,1972,23.99,0
54.92,2.13,195,34.14,0
56.81,4.31,1924,136.82,1
62.71,2.92,993,149.02,1
74.78,2.97,1831,28.36,0
71.18,3.1,1783,31.63,0
54.51,2.34,2391,11.37,0
78.11,2.36,1672,58.75,1
55.23,3.39,1524,105.17,0
51.42,1.41,124,44.53,0
64.38,3.65,1016,142.13,1
47.65,4.06,2368,30.33,1
63.69,4.04,1768,93.81,1
52.67,3.56,357,90.53,0
35.67,1.37,2293,118.27,1
65.97,1.49,894,140.44,0
79.94,1.89,1205,50.61,0
69.64,2.11,864,58.4,0
37.72,4.48,2487,39.64,0
28.68,3.0,2209,134.84,1
72.86,2.62,246,75.93,0
37.18,2.11,1097,118.39,0
39.87,2.13,227,11.82,0
80.21,4.64,936,139.92,1
81.34,2.45,1388,106.23,0
78.92,3.26,2287,69.89,1
56.49,1.98,2225,15.04,0
26.18,4.56,2226,16.23,0
66.35,3.03,1112,125.33,0
82.06,2.5,207,108.87,0
29.92,1.47,1255,39.17,0
77.25,2.12,1772,128.48,0
62.71,1.3,1975,110.22,1
44.93,1.61,1055,66.36,0
57.39,3.0,1110,114.58,0
33.17,1.26,2269,94.57,0
47.55,1.87,1051,37.79,1
71.06,1.45,1883,18.7,0
35.12,3.04,590,72.44,1
76.8,2.06,1804,21.01,0
40.51,2.12,2461,55.92,0
46.37,2.62,2437,47.11,1
40.37,1.27,660,97.44,0
26.18,3.31,261,134.59,0
57.83,3.89,457,42.24,0
72.99,4.39,658,130.9,0
57.9,4.7,1525,108.44,0
42.82,1.4,462,29.92,0
51.17,4.52,1341,63.95,0
73.63,1.44,2185,50.1,0
43.37,4.63,476,17.43,0
53.32,1.55,542,31.16,0
63.57,2.78,143,88.79,0
60.41,1.41,2080,17.86,0
77.12,1.51,703,93.52,0
41.14,3.75,412,41.3,0
79.42,2.08,2213,96.0,0
74.77,4.22,1321,54.02,1
47.59,3.97,1441,24.89,0
36.86,4.6,139,147.34,0
83.22,4.41,1826,144.24,1
48.23,3.6,1313,84.79,0
26.12,3.23,1152,107.65,0
73.19,3.57,1910,32.61,1
51.93,3.81,2291,21.68,0
44.89,2.25,1709,30.98,0
84.03,1.35,472,86.17,0
72.22,2.21,960,53.91,0
36.23,2.33,1078,131.68,0
40.29,2.88,610,63.83,0
81.06,4.38,304,135.56,1
62.34,2.88,1092,49.12,0
65.68,3.38,272,133.32,1
25.88,3.64,2025,116.02,1
25.2,3.17,1198,139.77,0
40.61,1.89,845,79.7,1
25.92,1.32,1993,55.8,0
40.51,3.71,628,92.24,0
27.03,1.46,1956,38.24,1
62.76,3.74,2478,65.18,1
33.94,1.62,258,81.0,1
61.18,4.07,928,104.32,0
42.2,1.59,1822,99.61,0
38.26,4.25,1451,66.51,0
40.96,1.27,1608,10.5,1
29.29,1.43,704,35.66,1
53.59,1.64,2292,93.95,0
56.91,4.35,627,39.87,0
34.61,1.36,331,128.53,0
25.93,1.64,512,112.17,0
44.23,1.25,2042,32.59,0
52.34,3.76,1872,77.4,1
41.92,2.11,984,83.95,0
41.06,1.26,872,67.06,0
31.38,3.01,1278,51.65,0
44.27,4.07,1541,99.24,0
65.87,2.2,830,52.68,0
60.69,2.09,2144,71.64,1
77.21,1.39,568,50.66,1
53.91,4.52,413,113.9,0
26.16,4.21,2223,137.83,1
32.19,3.54,2307,111.16,1
26.39,4.68,558,41.46,0
59.45,3.42,2276,115.19,1
67.21,4.38,1285,18.37,1
62.28,2.26,2366,31.02,0
49.09,2.29,1384,137.37,0
28.05,1.32,1309,87.23,0
33.59,3.61,631,71.19,0
61.14,3.93,768,119.43,0
48.24,2.54,1053,136.29,0
78.56,1.42,466,46.85,0
59.03,1.8,2256,124.35,1
79.53,3.82,2143,110.6,0
30.48,3.83,1101,19.56,0
38.44,2.03,744,96.75,0
57.29,4.74,106,37.21,0
48.11,4.21,1792,49.76,0
79.84,4.48,2036,127.76,1
77.77,3.78,1521,52.96,1
52.86,4.22,324,44.67,0
51.69,4.13,885,76.12,0
68.38,3.61,566,82.18,1
28.78,2.42,1142,76.11,0
34.59,2.28,1574,18.41,0
56.18,2.46,832,110.97,0
37.09,2.61,1362,74.05,0
74.11,3.78,977,129.07,1
82.23,2.73,564,115.95,0
52.4,2.86,1994,134.34,1
45.9,2.69,408,139.03,0
62.89,1.92,1520,107.68,0
73.73,4.19,119,12.57,1
69.89,1.3,1668,29.77,0
63.97,2.41,484,133.35,0
58.06,1.63,1894,100.8,0
73.61,4.0,532,142.57,1
56.03,2.04,1186,78.61,0
79.85,2.12,821,93.84,0
81.01,2.74,1075,87.45,0
33.22,2.71,2330,139.84,1
81.09,2.99,1630,34.36,0
44.86,3.28,965,71.93,0
37.91,1.67,2032,139.47,0
34.47,1.21,907,94.0,0
67.38,2.89,317,126.38,0
61.67,3.31,268,48.61,0
74.69,3.78,1585,36.07,1
49.36,1.33,2036,70.45,0
64.27,3.53,337,51.58,1
66.46,3.0,1834,131.47,0
33.21,4.39,171,79.88,0
63.53,3.3,2109,100.59,1
52.34,3.73,730,93.03,1
66.8,2.6,1572,93.86,0
41.6,4.63,115,141.56,0
58.35,1.58,761,19.33,0
34.35,4.38,839,63.49,0
46.66,2.02,918,35.55,0
78.46,1.45,2268,26.24,0
32.67,3.14,2089,144.73,1
68.32,3.81,1848,34.84,1
38.93,3.3,1019,125.36,0
79.13,1.41,1802,18.14,0
60.51,3.07,2407,103.76,1
41.09,3.62,236,131.01,0
54.7,2.6,1957,120.62,1
25.83,3.08,332,15.61,0
76.41,3.76,2499,115.15,1
48.13,3.34,1020,105.24,0
37.78,1.56,1021,48.65,0
66.69,3.19,1471,114.16,0
34.83,2.53,2413,93.15,0
26.63,2.47,914,102.43,0
76.4,3.34,697,61.16,1
47.04,2.41,2037,127.57,1
83.96,1.83,500,59.78,0
51.51,1.36,2020,117.33,1
48.55,3.34,2357,49.57,0
81.1,4.71,2031,73.18,0
72.94,4.42,1155,100.28,1
30.63,2.01,1695,101.73,0
84.04,3.5,2362,46.83,1
33.02,2.01,805,36.38,1
27.45,3.93,1063,69.29,0
74.28,2.55,2308,15.51,0
62.59,2.1,2080,107.4,1
46.04,1.47,291,70.0,0
68.16,4.29,614,148.62,1
30.77,1.88,1073,18.6,0
67.25,3.74,1256,146.83,1
78.02,1.85,1827,135.44,0
59.17,1.42,1095,73.52,0
75.81,2.92,1659,147.99,0
35.52,3.66,2065,110.9,1
57.29,3.21,2182,17.96,0
63.2,1.37,1098,142.63,0
81.9,3.82,290,114.24,1
56.04,1.8,2193,76.11,0
49.42,4.64,812,124.76,0
57.0,2.01,153,69.36,0
69.75,3.39,499,17.89,1
51.43,4.54,1694,41.85,0
60.45,2.1,2372,22.86,0
29.46,2.3,2020,132.22,1
